role,account,password,staff_no,email,en_name,valid_email
staff,autoStaff,123456,1001,edmspic001@CNGDCTAX-TST03.atrapa.deloitte.com,edmspicStaff,yuliy@deloitte.com.cn
mic,autoMic,123456,1002,edmspic002@CNGDCTAX-TST03.atrapa.deloitte.com,edmspicMic,yuliy@deloitte.com.cn
pic,autoPic,123456,1003,edmspic003@CNGDCTAX-TST03.atrapa.deloitte.com,edmspicPic,yuliy@deloitte.com.cn
cpic,autoCpic,123456,1004,edmspic004@CNGDCTAX-TST03.atrapa.deloitte.com,edmspicCpic,cinochen@deloitte.com.cn
ppic,autoPpic,123456,10014,edmsmic005@CNGDCTAX-TST03.atrapa.deloitte.com,edmsmicPpic,cinochen@deloitte.com.cn
specialRisk,autoSpecialRisk,123456,1005,edmspic005@CNGDCTAX-TST03.atrapa.deloitte.com,edmspicSpecialRisk,cinochen@deloitte.com.cn
kitReview,autoKitReviewBoth,123456,10028,edmsmic005@CNGDCTAX-TST03.atrapa.deloitte.com,edmsmicKitReviewBoth,cinochen@deloitte.com.cn
cataMgt,autoCataMgtBoth,123456,10029,edmspic007@CNGDCTAX-TST03.atrapa.deloitte.com,edmspicCataMgtBoth,jackyuli@deloitte.com.cn
km,autoKM,123456,10032,edmsmic003@CNGDCTAX-TST03.atrapa.deloitte.com,edmsmicKm,yagxu@deloitte.com.cn
qrm,autoQrm,123456,10031,edmsmic001@CNGDCTAX-TST03.atrapa.deloitte.com,edmsmicQrm,scgong@deloitte.com.cn
offeringPortfolio,autoOPL,123456,1008,edmspic008@CNGDCTAX-TST03.atrapa.deloitte.com,edmspicOPL,kanliu@deloitte.com.cn
reopen,autoReopenBoth,123456,10030,edmsmic002@CNGDCTAX-TST03.atrapa.deloitte.com,edmsmicReopenBoth,kanliu@deloitte.com.cn
